{"cameraMode":{"drawMode":0,"name":"Shaded","section":"Shading Mode"},"sceneLighting":false,"audioPlay":false,"sceneViewState":{"m_AlwaysRefresh":false,"showFog":false,"showSkybox":false,"showFlares":false,"showImageEffects":false,"showParticleSystems":false,"showVisualEffectGraphs":true,"m_FxEnabled":true},"in2DMode":false,"pivot":{"x":0.023763328790664674,"y":0.477646142244339,"z":0.05155567079782486},"rotation":{"x":-0.00016545360267627984,"y":-1.0001797676086426,"z":-0.01499534584581852,"w":0.01297707948833704},"size":0.7833951711654663,"orthographic":false}