{"cameraMode":{"drawMode":0,"name":"Shaded","section":"Shading Mode"},"sceneLighting":false,"audioPlay":false,"sceneViewState":{"showFog":false,"showMaterialUpdate":false,"showSkybox":false,"showFlares":false,"showImageEffects":false,"showParticleSystems":false},"in2DMode":false,"pivot":{"x":-2.5697293281555177,"y":0.12052370607852936,"z":-0.09148561954498291},"rotation":{"x":-0.13072757422924043,"y":0.6051139235496521,"z":-0.1019180491566658,"w":-0.778853178024292},"size":1.2411013841629029,"orthographic":false}