{"cameraMode":{"drawMode":0,"name":"Shaded","section":"Shading Mode"},"sceneLighting":false,"audioPlay":false,"sceneViewState":{"showFog":false,"showMaterialUpdate":false,"showSkybox":false,"showFlares":false,"showImageEffects":false,"showParticleSystems":false},"in2DMode":false,"pivot":{"x":-33.5099983215332,"y":0.8643216490745544,"z":1.274295449256897},"rotation":{"x":-0.02994244545698166,"y":0.7421294450759888,"z":-0.033184461295604709,"w":-0.6688339710235596},"size":0.6005219221115112,"orthographic":false}