{"cameraMode":{"drawMode":0,"name":"Shaded","section":"Shading Mode"},"sceneLighting":false,"audioPlay":false,"sceneViewState":{"showFog":false,"showMaterialUpdate":false,"showSkybox":false,"showFlares":false,"showImageEffects":false,"showParticleSystems":false},"in2DMode":false,"pivot":{"x":-19.958097457885743,"y":1.7870385646820069,"z":2.061056137084961},"rotation":{"x":0.21258778870105744,"y":0.6918104887008667,"z":-0.22504426538944245,"w":0.6525375247001648},"size":1.5013046264648438,"orthographic":false}