{"cameraMode":{"drawMode":0,"name":"Shaded","section":"Shading Mode"},"sceneLighting":false,"audioPlay":false,"sceneViewState":{"showFog":false,"showMaterialUpdate":false,"showSkybox":false,"showFlares":false,"showImageEffects":false,"showParticleSystems":false},"in2DMode":false,"pivot":{"x":-33.5099983215332,"y":0.8643216490745544,"z":1.274295449256897},"rotation":{"x":-0.014935590326786042,"y":0.6613329648971558,"z":-0.013013266958296299,"w":-0.74994295835495},"size":0.9005219340324402,"orthographic":false}