{"cameraMode":{"drawMode":0,"name":"Shaded","section":"Shading Mode"},"sceneLighting":false,"audioPlay":false,"sceneViewState":{"showFog":false,"showMaterialUpdate":false,"showSkybox":false,"showFlares":false,"showImageEffects":false,"showParticleSystems":false},"in2DMode":false,"pivot":{"x":-0.03299999237060547,"y":0.8669999837875366,"z":0.0774843692779541},"rotation":{"x":0.07276525348424912,"y":-0.7143503427505493,"z":0.07546092569828034,"w":0.6920652389526367},"size":4.539590835571289,"orthographic":false}