{"cameraMode":{"drawMode":0,"name":"Shaded","section":"Shading Mode"},"sceneLighting":false,"audioPlay":false,"sceneViewState":{"showFog":false,"showMaterialUpdate":false,"showSkybox":false,"showFlares":false,"showImageEffects":false,"showParticleSystems":false},"in2DMode":false,"pivot":{"x":-90.73527526855469,"y":13.465302467346192,"z":-1.8706588745117188},"rotation":{"x":0.024930134415626527,"y":-0.7073511481285095,"z":0.025140048936009408,"w":0.7061018943786621},"size":3.0013046264648439,"orthographic":false}