{"cameraMode":{"drawMode":0,"name":"Shaded","section":"Shading Mode"},"sceneLighting":false,"audioPlay":false,"sceneViewState":{"showFog":false,"showMaterialUpdate":false,"showSkybox":false,"showFlares":false,"showImageEffects":false,"showParticleSystems":false},"in2DMode":false,"pivot":{"x":1.0501160621643067,"y":1.8904130458831788,"z":-9.42486572265625},"rotation":{"x":0.07276525348424912,"y":-0.7143503427505493,"z":0.07546092569828034,"w":0.6920652389526367},"size":3.948493719100952,"orthographic":false}