{"cameraMode":{"drawMode":0,"name":"Shaded","section":"Shading Mode"},"sceneLighting":false,"audioPlay":false,"sceneViewState":{"showFog":false,"showMaterialUpdate":false,"showSkybox":false,"showFlares":false,"showImageEffects":false,"showParticleSystems":false},"in2DMode":false,"pivot":{"x":39.100006103515628,"y":1.285804033279419,"z":81.0107421875},"rotation":{"x":0.21258778870105744,"y":0.6918104887008667,"z":-0.22504426538944245,"w":0.6525375247001648},"size":1.5013055801391602,"orthographic":false}