{"cameraMode":{"drawMode":0,"name":"Shaded","section":"Shading Mode"},"sceneLighting":false,"audioPlay":false,"sceneViewState":{"showFog":false,"showMaterialUpdate":false,"showSkybox":false,"showFlares":false,"showImageEffects":false,"showParticleSystems":false},"in2DMode":false,"pivot":{"x":-0.33351388573646548,"y":1.6599940061569214,"z":0.5004025101661682},"rotation":{"x":0.181741401553154,"y":-0.13400118052959443,"z":0.025244491174817086,"w":0.9739701151847839},"size":3.295485019683838,"orthographic":false}