{"cameraMode":{"drawMode":0,"name":"Shaded","section":"Shading Mode"},"sceneLighting":false,"audioPlay":false,"sceneViewState":{"showFog":false,"showMaterialUpdate":false,"showSkybox":false,"showFlares":false,"showImageEffects":false,"showParticleSystems":false},"in2DMode":false,"pivot":{"x":-33.5099983215332,"y":0.8643216490745544,"z":1.274295449256897},"rotation":{"x":-0.008051182143390179,"y":0.716592013835907,"z":-0.008085399866104126,"w":-0.6975119113922119},"size":0.6005218625068665,"orthographic":false}