{"cameraMode":{"drawMode":0,"name":"Shaded","section":"Shading Mode"},"sceneLighting":false,"audioPlay":false,"sceneViewState":{"showFog":false,"showMaterialUpdate":false,"showSkybox":false,"showFlares":false,"showImageEffects":false,"showParticleSystems":false},"in2DMode":false,"pivot":{"x":39.100006103515628,"y":1.285804033279419,"z":81.0107421875},"rotation":{"x":0.0010907883988693357,"y":0.9910430908203125,"z":-0.1343144178390503,"w":0.006175013724714518},"size":1.5013055801391602,"orthographic":false}