{"cameraMode":{"drawMode":0,"name":"Shaded","section":"Shading Mode"},"sceneLighting":false,"audioPlay":false,"sceneViewState":{"showFog":false,"showMaterialUpdate":false,"showSkybox":false,"showFlares":false,"showImageEffects":false,"showParticleSystems":false},"in2DMode":false,"pivot":{"x":-33.5099983215332,"y":0.8643216490745544,"z":1.274295449256897},"rotation":{"x":-0.011675176210701466,"y":0.694852352142334,"z":-0.011244109831750393,"w":-0.7190310955047607},"size":0.6005218625068665,"orthographic":false}