{"cameraMode":{"drawMode":0,"name":"Shaded","section":"Shading Mode"},"sceneLighting":false,"audioPlay":false,"sceneViewState":{"m_AlwaysRefresh":false,"showFog":false,"showSkybox":false,"showFlares":false,"showImageEffects":false,"showParticleSystems":false,"showVisualEffectGraphs":true,"m_FxEnabled":true},"in2DMode":false,"pivot":{"x":0.313609778881073,"y":1.0926893949508668,"z":0.01575291156768799},"rotation":{"x":0.0036755071487277748,"y":-0.9870063662528992,"z":0.022517308592796327,"w":0.1613839864730835},"size":1.1868494749069214,"orthographic":false}