{"cameraMode":{"drawMode":0,"name":"Shaded","section":"Shading Mode"},"sceneLighting":false,"audioPlay":false,"sceneViewState":{"m_AlwaysRefresh":false,"showFog":false,"showSkybox":false,"showFlares":false,"showImageEffects":false,"showParticleSystems":false,"showVisualEffectGraphs":true,"m_FxEnabled":true},"in2DMode":false,"pivot":{"x":-19.964828491210939,"y":1.9048490524291993,"z":2.1003170013427736},"rotation":{"x":0.006091669667512178,"y":0.6873912215232849,"z":0.005335300695151091,"w":-0.7264666557312012},"size":1.4671326875686646,"orthographic":false}