{"cameraMode":{"drawMode":0,"name":"Shaded","section":"Shading Mode"},"sceneLighting":false,"audioPlay":false,"sceneViewState":{"m_AlwaysRefresh":false,"showFog":false,"showSkybox":false,"showFlares":false,"showImageEffects":false,"showParticleSystems":false,"showVisualEffectGraphs":true,"m_FxEnabled":true},"in2DMode":false,"pivot":{"x":-1.7881393432617188e-7,"y":0.8260908126831055,"z":2.9802322387695315e-8},"rotation":{"x":0.0561421699821949,"y":-0.6800437569618225,"z":0.052349310368299487,"w":0.7296540141105652},"size":1.1700927019119263,"orthographic":false}